timestamp,yaw,yaw_virtual,velocity,filtered_velocity,forward_velocity,lateral_velocity,angular_velocity
1751113993.2787359,-6.000053405761719,-6.000053405761719,0.0,2.4958607299301625e-66,0.0,0,0.0
1751113993.329557,-6.000053405761719,-6.000053405761719,0.0,1.99668858394413e-66,0.0,0,0.0
1751113993.379881,-6.000053405761719,-6.000053405761719,0.0,1.5973508671553041e-66,0.0,0,0.0
1751113993.4301543,-6.000053405761719,-6.000053405761719,0.0,1.2778806937242434e-66,0.0,0,0.0
1751113993.4809737,-6.000053405761719,-6.000053405761719,0.0,1.0223045549793948e-66,0.0,0,0.0
1751113993.5316126,-6.000053405761719,-6.000053405761719,0.0,8.178436439835159e-67,0.0,0,0.0
1751113993.5820596,-6.000053405761719,-6.000053405761719,0.0,6.542749151868127e-67,0.0,0,0.0
1751113993.6326904,-6.000053405761719,-6.000053405761719,0.0,5.234199321494502e-67,0.0,0,0.0
1751113993.6834903,-6.000053405761719,-6.000053405761719,0.0,3.3498875657564816e-67,0.0,0,0.0
1751113993.7341878,-6.000053405761719,-6.000053405761719,0.0,3.3498875657564816e-67,0.0,0,0.0
1751113993.784814,-6.000053405761719,-6.000053405761719,0.0,2.1439280420841485e-67,0.0,0,0.0
1751113993.835635,-6.000053405761719,-6.000053405761719,0.0,2.1439280420841485e-67,0.0,0,0.0
1751113993.886266,-6.000053405761719,-6.000053405761719,0.0,1.372113946933855e-67,0.0,0,0.0
1751113993.9365435,-6.000053405761719,-6.000053405761719,0.0,1.372113946933855e-67,0.0,0,0.0
1751113993.9870203,-6.000053405761719,-6.000053405761719,0.0,8.781529260376674e-68,0.0,0,0.0
1751113994.037617,-6.000053405761719,-6.000053405761719,0.0,8.781529260376674e-68,0.0,0,0.0
1751113994.0881557,-6.000053405761719,-6.000053405761719,0.0,5.620178726641072e-68,0.0,0,0.0
1751113994.1388016,-6.000053405761719,-6.000053405761719,0.0,5.620178726641072e-68,0.0,0,0.0
1751113994.1893868,-6.000053405761719,-6.000053405761719,0.0,3.596914385050286e-68,0.0,0,0.0
1751113994.2397726,-6.000053405761719,-6.000053405761719,0.0,3.596914385050286e-68,0.0,0,0.0
1751113994.290379,-6.000053405761719,-6.000053405761719,0.0,2.3020252064321835e-68,0.0,0,0.0
1751113994.3410416,-6.000053405761719,-6.000053405761719,0.0,2.3020252064321835e-68,0.0,0,0.0
1751113994.3916566,-6.000053405761719,-6.000053405761719,0.0,1.4732961321165976e-68,0.0,0,0.0
1751113994.4422946,-6.000053405761719,-6.000053405761719,0.0,1.4732961321165976e-68,0.0,0,0.0
1751113994.4930136,-6.000053405761719,-6.000053405761719,0.0,9.429095245546224e-69,0.0,0,0.0
1751113994.5433369,-6.000053405761719,-6.000053405761719,0.0,9.429095245546224e-69,0.0,0,0.0
1751113994.5940309,-6.000053405761719,-6.000053405761719,0.0,6.034620957149584e-69,0.0,0,0.0
1751113994.6444585,-6.000053405761719,-6.000053405761719,0.0,6.034620957149584e-69,0.0,0,0.0
1751113994.6951506,-6.000053405761719,-6.000053405761719,0.0,3.8621574125757344e-69,0.0,0,0.0
1751113994.7457967,-6.000053405761719,-6.000053405761719,0.0,3.8621574125757344e-69,0.0,0,0.0
1751113994.7963567,-6.000053405761719,-6.000053405761719,0.0,2.47178074404847e-69,0.0,0,0.0
1751113994.8468602,-6.000053405761719,-6.000053405761719,0.0,2.47178074404847e-69,0.0,0,0.0
1751113994.897366,-4.999969482421875,-4.999969482421875,0.7400000095367432,0.14800000190734863,0.0,0,0.0
1751113994.9478986,-4.999969482421875,-4.999969482421875,0.7400000095367432,0.14800000190734863,0.0,0,0.0
1751113994.998412,-4.999969482421875,-4.999969482421875,1.0290000438690186,0.4243600177764893,0.0,0,0.0
1751113995.048749,-4.999969482421875,-4.999969482421875,1.0290000438690186,0.4243600177764893,0.0,0,0.0
1751113995.0993469,-6.000053405761719,-6.000053405761719,1.3310000896453857,0.7507504436492921,0.0,0,0.0
1751113995.1498787,-7.000007629394531,-7.000007629394531,0.8830000162124634,0.7772003581619265,0.0,0,0.0
1751113995.200341,-7.9999542236328125,-7.9999542236328125,1.8860000371932983,0.9989602939682009,0.0,0,0.0
1751113995.2510314,-9.000038146972656,-9.000038146972656,1.7730001211166382,1.1537682593978884,0.0,0,0.0
1751113995.3015125,-9.000038146972656,-9.000038146972656,1.7730001211166382,1.2776146317416384,0.25,0,0.0
1751113995.3520286,-7.000007629394531,-7.000007629394531,1.6160000562667847,1.3452917166466678,0.25,0,0.0
1751113995.4022849,-7.000007629394531,-7.000007629394531,1.6160000562667847,1.3994333845706914,0.25,0,0.0
1751113995.4529183,-7.000007629394531,-7.000007629394531,1.9350000619888306,1.5065467200543194,0.25,0,0.0
1751113995.5034347,-6.000053405761719,-6.000053405761719,2.13700008392334,1.6326373928281237,0.25,0,0.0
1751113995.5541217,-6.000053405761719,-6.000053405761719,2.13700008392334,1.733509931047167,0.25,0,0.0
1751113995.6045418,-6.000053405761719,-6.000053405761719,2.1490001678466797,1.8166079784070697,0.25,0,0.0
1751113995.654877,-6.000053405761719,-6.000053405761719,2.236999988555908,1.9006863804368375,0.25,0,0.0
1751113995.705704,-1.9999008178710938,-1.9999008178710938,2.684000015258789,2.057349107401228,0.25,0,0.0
1751113995.7562408,-4.999969482421875,-4.999969482421875,0.0,1.6458792859209823,0.25,0,0.0
1751113995.8067212,-4.999969482421875,-4.999969482421875,0.0,1.316703428736786,0.25,0,0.0
1751113995.8572881,-2.9999618530273438,-2.9999618530273438,2.640000104904175,1.5813627639702639,0.25,0,0.0
1751113995.9078753,-1.9999008178710938,-1.9999008178710938,2.4820001125335693,1.7614902336829252,0.25,0,0.0
1751113995.9582083,-1.9999008178710938,-1.9999008178710938,2.4060001373291016,1.8903922144121605,0.25,0,0.0
1751113996.0084853,-1.0001373291015625,-1.0001373291015625,2.497000217437744,2.0117138150172775,0.25,0,0.0
1751113996.0587327,-1.9999008178710938,-1.9999008178710938,2.7140002250671387,2.15217109702725,0.25,0,0.0
1751113996.1093585,-1.9999008178710938,-1.9999008178710938,2.7140002250671387,2.264536922635228,0.25,0,0.0
1751113996.1599288,-2.9999618530273438,-2.9999618530273438,2.9280002117156982,2.397229580451322,0.25,0,0.0
1751113996.210416,-2.9999618530273438,-2.9999618530273438,2.933000087738037,2.5043836819086653,0.25,0,0.0
1751113996.2611206,-1.0001373291015625,-1.0001373291015625,3.5190000534057617,2.707306956208085,0.25,0,0.0
1751113996.3117638,-1.0001373291015625,-1.0001373291015625,3.5190000534057617,2.8696455756476205,0.25,0,0.0
1751113996.3624053,0.0,0.0,0.04000000283122063,2.3037164610843406,0.25,0,0.0
1751113996.4129767,0.0,0.0,3.4780001640319824,2.538573201673869,0.25,0,0.0
1751113996.4636002,0.0,0.0,3.2690000534057617,2.684658572020248,0.25,0,0.0
1751113996.513951,-1.0001373291015625,-1.0001373291015625,3.1700000762939453,2.7817268728749878,0.25,0,0.0
1751113996.5643058,-1.9999008178710938,-1.9999008178710938,3.1750001907348633,2.8603815364469627,0.25,0,0.0
1751113996.6148295,-1.9999008178710938,-1.9999008178710938,3.1750001907348633,2.923305267304543,0.25,0,0.0
1751113996.6650746,-1.9999008178710938,-1.9999008178710938,3.1570000648498535,2.970044226813605,0.25,0,0.0
1751113996.7157922,-1.0001373291015625,-1.0001373291015625,3.4280002117156982,3.0616354237940238,0.25,0,0.0
1751113996.766442,-1.0001373291015625,-1.0001373291015625,3.320000171661377,3.1133083733674947,0.25,0,0.0
1751113996.8167663,-1.0001373291015625,-1.0001373291015625,3.320000171661377,3.1546467330262713,0.25,0,0.0
1751113996.867359,-1.9999008178710938,-1.9999008178710938,0.5540000200271606,2.6345173904264496,0.25,0,0.0
1751113996.9178953,-1.9999008178710938,-1.9999008178710938,0.5540000200271606,2.218413916346592,0.25,0,0.0
1751113996.9684472,0.0,0.0,3.69100022315979,2.512931177709232,0.25,0,0.0
1751113997.0187497,0.0,0.0,3.4700002670288086,2.7043449955731473,0.25,0,0.0
1751113997.0690923,1.000152587890625,1.000152587890625,3.364000082015991,2.8362760128617164,0.25,0,0.0
1751113997.1196928,1.000152587890625,1.000152587890625,3.364000082015991,2.9418208266925716,0.25,0,0.0
1751113997.1700256,0.0,0.0,0.0,2.3534566613540573,0.25,0,0.0
1751113997.2204654,0.0,0.0,3.388000249862671,2.56036537905578,0.25,0,0.0
1751113997.270771,0.0,0.0,3.9100000858306885,2.830292320410762,0.25,0,0.0
1751113997.3212626,0.0,0.0,3.9100000858306885,3.0462338734947476,0.25,0,0.0
1751113997.372139,-1.0001373291015625,-1.0001373291015625,0.0,2.4369870987957984,0.25,0,0.0
1751113997.4225595,-1.0001373291015625,-1.0001373291015625,4.104000091552734,2.770389697347186,0.25,0,0.0
1751113997.472963,-1.9999008178710938,-1.9999008178710938,0.5990000367164612,2.336111765221041,0.25,0,0.0
1751113997.5234163,-2.9999618530273438,-2.9999618530273438,4.278000354766846,2.7244894831302022,0.25,0,0.0
1751113997.5738661,-3.9999542236328125,-3.9999542236328125,0.0,2.179591586504162,0.25,0,0.0
1751113997.624186,-3.9999542236328125,-3.9999542236328125,0.0,1.7436732692033297,0.25,0,0.0
1751113997.6746027,-3.9999542236328125,-3.9999542236328125,3.9000000953674316,2.17493863443615,0.25,0,0.0
1751113997.7252426,-3.9999542236328125,-3.9999542236328125,0.0,1.73995090754892,0.25,0,0.0
1751113997.7757316,-3.9999542236328125,-3.9999542236328125,3.555000066757202,2.1029607393905767,0.25,0,0.0
1751113997.82623,-1.9999008178710938,-1.9999008178710938,3.877000093460083,2.4577686102044782,0.25,0,0.0
1751113997.8768232,-1.9999008178710938,-1.9999008178710938,3.9050002098083496,2.7472149301252524,0.25,0,0.0
1751113997.9273345,-1.9999008178710938,-1.9999008178710938,3.9050002098083496,2.9787719860618718,0.25,0,0.0
1751113997.9777381,-1.9999008178710938,-1.9999008178710938,3.6710002422332764,3.117217637296153,0.25,0,0.0
1751113998.028225,-3.9999542236328125,-3.9999542236328125,0.9760000705718994,2.688974123951302,0.25,0,0.0
1751113998.078764,-3.9999542236328125,-3.9999542236328125,4.315000057220459,3.0141793106051336,0.25,0,0.0
1751113998.1292334,-3.9999542236328125,-3.9999542236328125,4.315000057220459,3.274343459928199,0.25,0,0.0
1751113998.1795225,-3.9999542236328125,-3.9999542236328125,0.0,2.6194747679425596,0.25,0,0.0
1751113998.2297971,-2.9999618530273438,-2.9999618530273438,4.131999969482422,2.921979808250532,0.25,0,0.0
1751113998.280084,-1.9999008178710938,-1.9999008178710938,0.0,2.3375838466004257,0.25,0,0.0
1751113998.3306565,-1.9999008178710938,-1.9999008178710938,3.767000198364258,2.6234671169531922,0.25,0,0.0
1751113998.381028,-1.9999008178710938,-1.9999008178710938,3.5410001277923584,2.806973719121026,0.25,0,0.0
1751113998.4316988,-1.9999008178710938,-1.9999008178710938,3.5410001277923584,2.9537790008552927,0.25,0,0.0
1751113998.4821045,-1.9999008178710938,-1.9999008178710938,3.76200008392334,3.1154232174689023,0.25,0,0.0
1751113998.5326707,-1.9999008178710938,-1.9999008178710938,3.9180002212524414,3.2759386182256103,0.25,0,0.0
1751113998.5831463,-1.9999008178710938,-1.9999008178710938,0.8200000524520874,2.3918007345471426,0.25,0,0.0
1751113998.6334167,-1.9999008178710938,-1.9999008178710938,0.8200000524520874,2.3918007345471426,0.25,0,0.0
1751113998.683763,-1.9999008178710938,-1.9999008178710938,0.4790000319480896,2.31791249236893,0.25,0,0.0
1751113998.7343047,-1.9999008178710938,-1.9999008178710938,0.4790000319480896,2.31791249236893,0.25,0,0.0
1751113998.784864,-1.9999008178710938,-1.9999008178710938,4.062000274658203,2.9870640775135766,0.25,0,0.0
1751113998.8354754,-1.9999008178710938,-1.9999008178710938,4.062000274658203,2.9870640775135766,0.25,0,0.0
1751113998.8860874,-1.9999008178710938,-1.9999008178710938,3.938000202178955,3.329401082393113,0.25,0,0.0
1751113998.9366062,-1.9999008178710938,-1.9999008178710938,3.938000202178955,3.329401082393113,0.25,0,0.0
1751113998.9872267,-1.0001373291015625,-1.0001373291015625,4.265000343322754,3.634376758954737,0.25,0,0.0
1751113999.037753,-1.0001373291015625,-1.0001373291015625,4.265000343322754,3.634376758954737,0.25,0,0.0
1751113999.0881946,-1.0001373291015625,-1.0001373291015625,4.135000228881836,3.814601208128493,0.25,0,0.0
1751113999.1386094,-1.0001373291015625,-1.0001373291015625,4.135000228881836,3.814601208128493,0.25,0,0.0
1751113999.1889205,-1.9999008178710938,-1.9999008178710938,4.557000160217285,3.3527448052456927,0.25,0,0.0
1751113999.2393157,-1.9999008178710938,-1.9999008178710938,4.557000160217285,3.3527448052456927,0.25,0,0.0
1751113999.289828,-1.0001373291015625,-1.0001373291015625,4.50100040435791,3.045956756228826,0.25,0,0.0
1751113999.340256,-1.0001373291015625,-1.0001373291015625,4.50100040435791,3.045956756228826,0.25,0,0.0
1751113999.3907266,-1.0001373291015625,-1.0001373291015625,4.2310004234313965,3.472572476421752,0.25,0,0.0
1751113999.440941,-1.0001373291015625,-1.0001373291015625,4.2310004234313965,3.472572476421752,0.25,0,0.0
1751113999.4913683,-1.0001373291015625,-1.0001373291015625,3.8570001125335693,3.6503264336617525,0.25,0,0.0
1751113999.5416222,-1.0001373291015625,-1.0001373291015625,3.8570001125335693,3.6503264336617525,0.25,0,0.0
1751113999.5920186,-1.0001373291015625,-1.0001373291015625,3.7850000858306885,3.6988089484425695,0.25,0,0.0
1751113999.6423438,-1.0001373291015625,-1.0001373291015625,3.7850000858306885,3.6988089484425695,0.25,0,0.0
1751113999.6928568,-1.9999008178710938,-1.9999008178710938,3.9560000896453857,3.816997773008494,0.25,0,0.0
1751113999.7431896,-1.9999008178710938,-1.9999008178710938,3.9560000896453857,3.816997773008494,0.25,0,0.0
1751113999.7937672,-1.9999008178710938,-1.9999008178710938,3.9090001583099365,3.8501186317170135,0.25,0,0.0
1751113999.8442712,-1.9999008178710938,-1.9999008178710938,3.9090001583099365,3.8501186317170135,0.25,0,0.0
1751113999.8946695,-1.9999008178710938,-1.9999008178710938,4.371000289916992,4.037636028669007,0.5,0,0.0
1751113999.9451654,-1.9999008178710938,-1.9999008178710938,4.371000289916992,4.037636028669007,0.5,0,0.0
1751113999.9957612,-2.9999618530273438,-2.9999618530273438,0.0,3.274327079100118,0.25,0,0.0
1751114000.0461922,-2.9999618530273438,-2.9999618530273438,0.0,3.274327079100118,0.25,0,0.0
1751114000.0967429,-2.9999618530273438,-2.9999618530273438,3.932000160217285,3.511089388302299,0.25,0,0.0
1751114000.147035,-2.9999618530273438,-2.9999618530273438,3.932000160217285,3.511089388302299,0.25,0,0.0
1751114000.1974857,-2.9999618530273438,-2.9999618530273438,4.333000183105469,3.705217287553999,0.25,0,0.0
1751114000.2478943,-2.9999618530273438,-2.9999618530273438,4.333000183105469,3.705217287553999,0.25,0,0.0
1751114000.2984722,-1.0001373291015625,-1.0001373291015625,4.048000335693359,3.225099134835341,0.25,0,0.0
1751114000.3489625,-1.0001373291015625,-1.0001373291015625,4.048000335693359,3.225099134835341,0.25,0,0.0
1751114000.399628,-1.9999008178710938,-1.9999008178710938,1.1610000133514404,2.4820234511011368,0.25,0,0.0
1751114000.4500809,-1.9999008178710938,-1.9999008178710938,4.450000286102295,2.8756188181013687,0.25,0,0.0
1751114000.500556,-1.9999008178710938,-1.9999008178710938,4.452000141143799,3.190895082709855,0.25,0,0.0
1751114000.5508761,-1.9999008178710938,-1.9999008178710938,4.186000347137451,3.389916135595374,0.25,0,0.0
1751114000.6015563,-1.9999008178710938,-1.9999008178710938,4.186000347137451,3.5491329779037897,0.25,0,0.0
1751114000.652078,-1.9999008178710938,-1.9999008178710938,4.059000015258789,3.65110638537479,0.25,0,0.0
1751114000.7024145,-1.9999008178710938,-1.9999008178710938,3.81600022315979,3.68408515293179,0.25,0,0.0
1751114000.7529345,-1.9999008178710938,-1.9999008178710938,0.0,2.9472681223454322,0.25,0,0.0
1751114000.8031867,-1.9999008178710938,-1.9999008178710938,0.0,2.357814497876346,0.25,0,0.0
1751114000.8537207,-1.9999008178710938,-1.9999008178710938,4.435000419616699,2.7732516822244166,0.25,0,0.0
1751114000.9041235,-1.9999008178710938,-1.9999008178710938,0.0,2.2186013457795335,0.25,0,0.0
1751114000.9581609,-1.9999008178710938,-1.9999008178710938,4.26800012588501,2.628481101800629,0.25,0,0.0
1751114001.0090954,-1.9999008178710938,-1.9999008178710938,4.26800012588501,2.9563849066175054,0.25,0,0.0
1751114001.0595667,-2.9999618530273438,-2.9999618530273438,4.62000036239624,3.289107997773253,0.25,0,0.0
1751114001.1098654,-2.9999618530273438,-2.9999618530273438,4.62000036239624,3.55528647069785,0.25,0,0.0
1751114001.1602623,-2.9999618530273438,-2.9999618530273438,0.0,2.8442291765582803,0.25,0,0.0
1751114001.2107549,-2.9999618530273438,-2.9999618530273438,4.212000370025635,3.1177834152517514,0.25,0,0.0
1751114001.261026,-2.9999618530273438,-2.9999618530273438,3.9600002765655518,3.2862267875145115,0.25,0,0.0
1751114001.3113747,-2.9999618530273438,-2.9999618530273438,3.9600002765655518,3.42098148532472,0.25,0,0.0
1751114001.3619554,-2.9999618530273438,-2.9999618530273438,4.514000415802002,3.6395852714201764,0.25,0,0.0
1751114001.412566,-2.9999618530273438,-2.9999618530273438,4.514000415802002,3.8144683002965416,0.25,0,0.0
1751114001.462829,-1.9999008178710938,-1.9999008178710938,4.437000274658203,3.938974695168874,0.25,0,0.0
1751114001.513528,-1.9999008178710938,-1.9999008178710938,4.302000045776367,4.011579765290373,0.5,0,0.0
1751114001.5639179,-2.9999618530273438,-2.9999618530273438,4.526000022888184,4.114463816809935,0.5,0,0.0
1751114001.6145003,-2.9999618530273438,-2.9999618530273438,4.526000022888184,4.196771058025584,0.5,0,0.0
1751114001.6649175,-1.9999008178710938,-1.9999008178710938,4.759000301361084,4.309216906692685,0.5,0,0.0
1751114001.7153206,-1.9999008178710938,-1.9999008178710938,0.0,3.447373525354148,0.25,0,0.0
1751114001.7656906,-1.9999008178710938,-1.9999008178710938,4.453999996185303,3.648698819520379,0.25,0,0.0
1751114001.8161068,-1.9999008178710938,-1.9999008178710938,0.0,2.9189590556163036,0.25,0,0.0
1751114001.8669565,-1.0001373291015625,-1.0001373291015625,4.060000419616699,3.1471673284163826,0.25,0,0.0
1751114001.917723,-1.0001373291015625,-1.0001373291015625,4.060000419616699,3.3297339466564457,0.25,0,0.0
1751114001.9681256,-1.0001373291015625,-1.0001373291015625,3.817000150680542,3.427187187461265,0.25,0,0.0
1751114002.0185115,-1.0001373291015625,-1.0001373291015625,3.832000255584717,3.5081498010859558,0.25,0,0.0
1751114002.0687509,-1.0001373291015625,-1.0001373291015625,4.105000019073486,3.627519844683462,0.25,0,0.0
1751114002.1192865,-1.0001373291015625,-1.0001373291015625,4.105000019073486,3.723015879561467,0.25,0,0.0
1751114002.1696043,-1.0001373291015625,-1.0001373291015625,0.0,2.9784127036491737,0.25,0,0.0
1751114002.220202,0.0,0.0,4.305000305175781,3.243730223954495,0.25,0,0.0
1751114002.2707195,-1.9999008178710938,-1.9999008178710938,0.0,2.594984179163596,0.25,0,0.0
1751114002.3211966,-1.9999008178710938,-1.9999008178710938,4.111999988555908,2.8983873410420586,0.25,0,0.0
1751114002.3715546,-1.9999008178710938,-1.9999008178710938,3.866000175476074,3.0919099079288617,0.25,0,0.0
1751114002.421978,-1.9999008178710938,-1.9999008178710938,3.866000175476074,3.2467279614383044,0.25,0,0.0
1751114002.4723074,-1.9999008178710938,-1.9999008178710938,3.748000144958496,3.346982398142343,0.25,0,0.0
1751114002.5226135,-1.9999008178710938,-1.9999008178710938,3.5240001678466797,3.3823859520832107,0.25,0,0.0
1751114002.580582,-1.9999008178710938,-1.9999008178710938,0.0,2.705908761666569,0.25,0,0.0
1751114002.6311061,-1.9999008178710938,-1.9999008178710938,0.0,2.164727009333255,0.25,0,0.0
1751114002.6817062,-1.9999008178710938,-1.9999008178710938,3.1150002479553223,2.3547816570576687,0.25,0,0.0
1751114002.7324293,-1.9999008178710938,-1.9999008178710938,0.0,1.883825325646135,0.25,0,0.0
1751114002.782929,-1.9999008178710938,-1.9999008178710938,2.9280002117156982,2.0926603028600477,0.25,0,0.0
1751114002.8334134,-1.9999008178710938,-1.9999008178710938,2.753000020980835,2.2247282464842053,0.25,0,0.0
1751114002.8838797,-1.9999008178710938,-1.9999008178710938,0.0,1.7797825971873644,0.25,0,0.0
1751114002.9343379,-1.9999008178710938,-1.9999008178710938,0.0,1.4238260777498917,0.25,0,0.0
1751114002.9849627,-1.9999008178710938,-1.9999008178710938,0.0,0.9112486897599308,0.0,0,0.0
1751114003.0354617,-1.9999008178710938,-1.9999008178710938,0.0,0.9112486897599308,0.0,0,0.0
1751114003.0866725,-1.9999008178710938,-1.9999008178710938,0.0,0.5831991614463558,0.0,0,0.0
1751114003.1371539,-1.9999008178710938,-1.9999008178710938,0.0,0.5831991614463558,0.0,0,0.0
1751114003.1876392,-1.9999008178710938,-1.9999008178710938,0.0,0.3732474633256677,0.0,0,0.0
1751114003.2384975,-1.9999008178710938,-1.9999008178710938,0.0,0.3732474633256677,0.0,0,0.0
1751114003.2890332,-1.9999008178710938,-1.9999008178710938,0.0,0.23887837652842736,0.0,0,0.0
1751114003.3394086,-1.9999008178710938,-1.9999008178710938,0.0,0.23887837652842736,0.0,0,0.0
1751114003.3897612,-1.0001373291015625,-1.0001373291015625,0.0,0.15288216097819352,0.0,0,0.0
1751114003.440296,-1.0001373291015625,-1.0001373291015625,0.0,0.15288216097819352,0.0,0,0.0
1751114003.4906707,-1.0001373291015625,-1.0001373291015625,0.0,0.09784458302604386,0.0,0,0.0
1751114003.541153,-1.0001373291015625,-1.0001373291015625,0.0,0.09784458302604386,0.0,0,0.0
1751114003.5915775,-1.0001373291015625,-1.0001373291015625,0.0,0.06262053313666809,0.0,0,0.0
1751114003.6419947,-1.0001373291015625,-1.0001373291015625,0.0,0.06262053313666809,0.0,0,0.0
1751114003.6924772,-1.9999008178710938,-1.9999008178710938,0.7500000596046448,0.19007715312839654,0.0,0,0.0
1751114003.742701,-1.9999008178710938,-1.9999008178710938,0.7500000596046448,0.19007715312839654,0.0,0,0.0
1751114003.793097,-1.9999008178710938,-89.0,2.5,0.7520493871574472,0,0,0.0
1751114003.843515,-1.9999008178710938,-89.0,2.5,0.7520493871574472,0,0,0.0
1751114003.893944,-1.9999008178710938,-89.0,2.5,1.3813116077807663,0,0.2,0.0
1751114003.9442883,-1.9999008178710938,-89.0,2.5,1.3813116077807663,0,0.2,0.0
1751114003.9948938,-1.9999008178710938,-88.0,2.5,1.7840394289796906,0,0.2,0.0
1751114004.0453537,-1.9999008178710938,-88.0,2.5,1.7840394289796906,0,0.2,0.0
1751114004.0956872,-1.9999008178710938,-88.0,2.5,2.0417852345470022,0,0.2,0.0
1751114004.146044,-1.9999008178710938,-88.0,2.5,2.0417852345470022,0,0.2,0.0
1751114004.1966467,-1.9999008178710938,-86.99999237060547,0.1300000101327896,1.7327425521366393,0,0.2,0.0
1751114004.2472599,-1.9999008178710938,-86.99999237060547,0.1300000101327896,1.7327425521366393,0,0.2,0.0
1751114004.2976935,-1.9999008178710938,-88.0,2.5,2.008955233367449,0,0.2,0.0
1751114004.3480637,-1.9999008178710938,-88.0,2.5,2.008955233367449,0,0.2,0.0
1751114004.3984647,-1.9999008178710938,-88.0,2.5,2.1857313493551676,0,0.2,0.0
1751114004.4489372,-1.9999008178710938,-88.0,2.5,2.1857313493551676,0,0.2,0.0
1751114004.4993184,-1.9999008178710938,-89.0,2.5,2.2988680635873076,0,0.2,0.0
1751114004.5496264,-1.9999008178710938,-89.0,2.5,2.2988680635873076,0,0.2,0.0
1751114004.6001198,-1.9999008178710938,-89.0,2.5,1.9920755623171233,0,0.2,0.0
1751114004.6504962,-1.9999008178710938,-89.0,2.5,1.9920755623171233,0,0.2,0.0
1751114004.7009773,-1.9999008178710938,-90.0,2.5,1.7957283615042055,0,0.2,0.0
1751114004.7514086,-1.9999008178710938,-90.0,2.5,1.9365826892033644,0,0.2,0.0
1751114004.8018978,-1.9999008178710938,-90.0,2.5,2.0492661513626915,0,0.2,0.0
1751114004.8528576,-1.9999008178710938,-90.0,2.5,2.1394129210901536,0,0.2,0.0
1751114004.9032466,-1.9999008178710938,-89.0,2.5,2.211530336872123,0,0.2,0.0
1751114004.9536195,-1.9999008178710938,-89.0,2.5,2.2692242694976983,0,0.2,0.0
1751114005.0041208,-1.9999008178710938,-89.0,2.5,2.3153794155981586,0,0.2,0.0
1751114005.0546389,-1.9999008178710938,-89.0,2.5,2.352303532478527,0,0.2,0.0
1751114005.1051714,-1.9999008178710938,-89.0,0.1300000101327896,1.9078428280093795,0,0.2,0.0
1751114005.1555123,-1.9999008178710938,-88.0,2.5,2.0262742624075036,0,0.2,0.0
1751114005.2060418,-1.9999008178710938,-88.0,2.5,2.121019409926003,0,0.2,0.0
1751114005.2567852,-1.9999008178710938,-88.0,2.5,2.196815527940802,0,0.2,0.0
1751114005.3073132,-1.9999008178710938,-88.0,2.5,2.2574524223526415,0,0.2,0.0
1751114005.3578944,-1.9999008178710938,-88.0,0.1300000101327896,1.831961939908671,0,0.2,0.0
1751114005.4083815,-1.9999008178710938,-88.0,2.5,1.965569551926937,0,0.2,0.0
1751114005.4589038,-1.9999008178710938,-88.0,0.1300000101327896,1.5984556435681074,0,0.2,0.0
1751114005.5093322,-1.9999008178710938,-88.0,2.5,1.778764514854486,0,0.2,0.0
1751114005.559694,-1.9999008178710938,-88.0,2.5,1.923011611883589,0,0.2,0.0
1751114005.6101284,-1.9999008178710938,-88.0,2.5,2.0384092895068715,0,0.2,0.0
1751114005.6606688,-1.9999008178710938,-88.0,2.5,2.1307274316054974,0,0.2,0.0
1751114005.7110918,-1.9999008178710938,-88.0,2.5,2.204581945284398,0,0.2,0.0
1751114005.7616029,-1.9999008178710938,-88.0,0.1300000101327896,1.7896655582540764,0,0.2,0.0
1751114005.8120973,-1.9999008178710938,-88.0,0.1300000101327896,1.457732448629819,0,0.2,0.0
1751114005.8629315,-1.9999008178710938,-88.0,2.5,1.6661859589038552,0,0.2,0.0
1751114005.9135914,-1.9999008178710938,-88.0,0.1300000101327896,1.358948769149642,0,0.2,0.0
1751114005.9640408,-1.9999008178710938,-88.0,2.5,1.5871590153197137,0,0.2,0.0
1751114006.0144496,-1.9999008178710938,-88.0,0.1300000101327896,1.2957272142823288,0,0.2,0.0
1751114006.0649664,-1.9999008178710938,-88.0,0.1300000101327896,1.062581773452421,0,0.2,0.0
1751114006.1153243,-1.9999008178710938,-88.0,0.1300000101327896,0.8760654207884948,0,0,0.0
1751114006.1656551,-1.9999008178710938,-88.0,2.5,1.200852336630796,0,0.2,0.0
1751114006.2160196,-1.9999008178710938,-88.0,2.5,1.4606818693046368,0,0.2,0.0
1751114006.2664168,-1.9999008178710938,-88.0,0.1300000101327896,1.1945454974702674,0,0.2,0.0
1751114006.3167627,-1.9999008178710938,-88.0,0.1300000101327896,0.9816364000027719,0,0,0.0
1751114006.367125,-1.9999008178710938,-88.0,2.5,1.2853091200022175,0,0.2,0.0
1751114006.4181442,-1.9999008178710938,-88.0,2.5,1.5282472960017741,0,0.2,0.0
1751114006.468926,-1.9999008178710938,-88.0,2.5,1.7225978368014194,0,0.2,0.0
1751114006.5193605,-1.9999008178710938,-88.0,2.5,1.8780782694411355,0,0.2,0.0
1751114006.569823,-1.9999008178710938,-88.0,2.5,2.0024626155529086,0,0.2,0.0
1751114006.620383,-1.9999008178710938,-88.0,2.5,2.1019700924423272,0,0.2,0.0
1751114006.6707177,-1.9999008178710938,-88.0,2.5,2.181576073953862,0,0.2,0.0
1751114006.7212844,-1.9999008178710938,-88.0,2.5,2.2452608591630896,0,0.2,0.0
1751114006.7718818,-1.9999008178710938,-88.0,0.1300000101327896,1.8222086893570295,0,0.2,0.0
1751114006.8224323,-1.9999008178710938,-88.0,2.5,1.9577669514856237,0,0.2,0.0
1751114006.8729613,-1.9999008178710938,-88.0,0.1300000101327896,1.592213563215057,0,0.2,0.0
1751114006.9235165,-1.9999008178710938,-88.0,0.1300000101327896,1.2997708525986034,0,0.2,0.0
1751114006.9740665,-1.9999008178710938,-88.0,0.1300000101327896,1.0658166841054406,0,0.2,0.0
1751114007.024753,-1.9999008178710938,-88.0,0.1300000101327896,0.8786533493109104,0,0,0.0
1751114007.075009,-1.9999008178710938,-88.0,2.5,1.2029226794487284,0,0.2,0.0
1751114007.1253579,-1.9999008178710938,-88.0,2.5,1.4623381435589828,0,0.2,0.0
1751114007.176186,-1.9999008178710938,-88.0,2.5,1.6698705148471864,0,0.2,0.0
1751114007.2264566,-1.9999008178710938,-88.0,2.5,1.8358964118777492,0,0.2,0.0
1751114007.2768679,-1.9999008178710938,-88.0,0.1300000101327896,1.4947171315287573,0,0.2,0.0
1751114007.3274777,-1.9999008178710938,-88.0,0.1300000101327896,1.2217737072495638,0,0.2,0.0
1751114007.3778188,-1.9999008178710938,-88.0,2.5,1.477418965799651,0,0.2,0.0
1751114007.4284298,-1.9999008178710938,-88.0,2.5,1.681935172639721,0,0.2,0.0
1751114007.4789007,-1.9999008178710938,-88.0,2.5,1.8455481381117769,0,0.2,0.0
1751114007.529567,-1.9999008178710938,-88.0,2.5,1.9764385104894215,0,0.2,0.0
1751114007.58025,-1.9999008178710938,-89.0,0.1300000101327896,1.6071508104180952,0,0.2,0.0
1751114007.6306188,-1.9999008178710938,-89.0,2.5,1.7857206483344763,0,0.2,0.0
1751114007.6809804,-1.9999008178710938,-91.0,2.5,1.9285765186675812,0,0.2,0.0
1751114007.731356,-1.9999008178710938,-91.0,2.5,2.042861214934065,0,0.2,0.0
1751114007.781837,-1.9999008178710938,-91.0,0.0,1.6342889719472522,0,0.2,0.0
1751114007.8324268,-2.9999618530273438,-2.9999618530273438,0.0,1.3074311775578018,0.25,0,0.0
1751114007.8827758,-1.9999008178710938,-1.9999008178710938,0.8070000410079956,1.2073449502478406,0.25,0,0.0
1751114007.9331856,-1.9999008178710938,-1.9999008178710938,0.7820000648498535,1.1222759731682432,0.0,0,0.0
1751114007.9840887,-2.9999618530273438,-2.9999618530273438,0.0,0.8978207785345946,0.0,0,0.0
1751114008.0345478,-2.9999618530273438,-2.9999618530273438,0.0,0.7182566228276758,0.0,0,0.0
1751114008.0851097,-3.9999542236328125,-3.9999542236328125,0.0,0.5737642480701618,0.0,0,0.0
1751114008.1357026,-3.9999542236328125,-3.9999542236328125,0.0,0.5737642480701618,0.0,0,0.0
1751114008.1860585,-4.999969482421875,-4.999969482421875,0.6500000357627869,0.6012091316395068,0.0,0,0.0
1751114008.236828,-4.999969482421875,-4.999969482421875,0.6500000357627869,0.6012091316395068,0.0,0,0.0
1751114008.2874672,-4.999969482421875,-4.999969482421875,0.0,0.3847738442492844,0.0,0,0.0
1751114008.337948,-4.999969482421875,-4.999969482421875,0.0,0.3847738442492844,0.0,0,0.0
1751114008.388491,-6.000053405761719,-6.000053405761719,0.5240000486373901,0.4401752766082994,0.0,0,0.0
1751114008.4387522,-6.000053405761719,-6.000053405761719,0.5240000486373901,0.4401752766082994,0.0,0,0.0
1751114008.4893794,-6.000053405761719,-6.000053405761719,0.0,0.2817121770293117,0.0,0,0.0
1751114008.5400755,-6.000053405761719,-6.000053405761719,0.0,0.2817121770293117,0.0,0,0.0
1751114008.590774,-6.000053405761719,-6.000053405761719,0.0,0.1802957932987595,0.0,0,0.0
1751114008.641361,-6.000053405761719,-6.000053405761719,0.0,0.1802957932987595,0.0,0,0.0
1751114008.6919713,-6.000053405761719,-6.000053405761719,0.0,0.11538930771120609,0.0,0,0.0
1751114008.7425973,-6.000053405761719,-6.000053405761719,0.0,0.11538930771120609,0.0,0,0.0
1751114008.7931437,-6.000053405761719,-6.000053405761719,0.0,0.0738491569351719,0.0,0,0.0
1751114008.843677,-6.000053405761719,-6.000053405761719,0.0,0.0738491569351719,0.0,0,0.0
1751114008.8942387,-4.999969482421875,-4.999969482421875,0.0,0.04726346043851002,0.0,0,0.0
1751114008.9448755,-4.999969482421875,-4.999969482421875,0.0,0.04726346043851002,0.0,0,0.0
1751114008.9955022,-4.999969482421875,-4.999969482421875,0.0,0.030248614680646414,0.0,0,0.0
1751114009.0460918,-4.999969482421875,-4.999969482421875,0.0,0.030248614680646414,0.0,0,0.0
1751114009.0965302,-1.9999008178710938,-1.9999008178710938,0.0,0.019359113395613706,0.0,0,0.0
1751114009.1469715,-1.9999008178710938,-1.9999008178710938,0.0,0.019359113395613706,0.0,0,0.0
1751114009.19765,-3.9999542236328125,-3.9999542236328125,0.0,0.012389832573192773,0.0,0,0.0
1751114009.2483304,-3.9999542236328125,-3.9999542236328125,0.0,0.012389832573192773,0.0,0,0.0
1751114009.2989573,-2.9999618530273438,-2.9999618530273438,0.0,0.007929492846843375,0.0,0,0.0
1751114009.3495164,-2.9999618530273438,-2.9999618530273438,0.0,0.007929492846843375,0.0,0,0.0
1751114009.3999918,-2.9999618530273438,-2.9999618530273438,0.0,0.0050748754219797606,0.0,0,0.0
1751114009.450419,-2.9999618530273438,-2.9999618530273438,0.0,0.0050748754219797606,0.0,0,0.0
1751114009.5010386,-2.9999618530273438,-2.9999618530273438,0.0,0.0032479202700670473,0.0,0,0.0
1751114009.5512772,-2.9999618530273438,-2.9999618530273438,0.0,0.0025983362160536382,0.0,0,0.0
1751114009.6017652,-2.9999618530273438,-2.9999618530273438,0.0,0.0020786689728429105,0.0,0,0.0
1751114009.6525779,-2.9999618530273438,-2.9999618530273438,0.0,0.0016629351782743284,0.0,0,0.0
1751114009.7031665,-2.9999618530273438,-2.9999618530273438,0.0,0.0013303481426194628,0.0,0,0.0
1751114009.7537227,-2.9999618530273438,-2.9999618530273438,0.0,0.0010642785140955702,0.0,0,0.0
1751114009.8042045,-2.9999618530273438,-2.9999618530273438,0.04700000211596489,0.010251423234469436,0.0,0,0.0
1751114009.85465,-2.9999618530273438,-2.9999618530273438,0.08500000089406967,0.025201138766389485,0.0,0,0.0
1751114009.9050024,-2.9999618530273438,-2.9999618530273438,0.08500000089406967,0.03716091119192552,0.0,0,0.0
1751114009.9555488,-1.9999008178710938,-1.9999008178710938,0.164000004529953,0.06252872985953102,0.0,0,0.0
1751114010.0062716,-1.9999008178710938,86.99998474121094,0.1300000101327896,0.07602298591418274,0,0,0.0
1751114010.0565462,-1.9999008178710938,88.00001525878906,2.5,0.5608183887313462,0,0,0.0
1751114010.1070807,-1.9999008178710938,88.00001525878906,2.5,0.9486547109850769,0,0,0.0
1751114010.157628,-1.9999008178710938,88.00001525878906,0.1300000101327896,0.7849237708146195,0,0,0.0
1751114010.2082155,-1.9999008178710938,84.00001525878906,2.5,1.1279390166516956,0,-0.2,0.0
1751114010.258872,-1.9999008178710938,82.0,2.5,1.4023512133213565,0,-0.2,0.0
1751114010.30934,-1.9999008178710938,82.0,2.5,1.6218809706570851,0,-0.2,0.0
1751114010.3596778,-1.9999008178710938,81.0,2.5,1.7975047765256682,0,-0.2,0.0
1751114010.410194,-1.9999008178710938,81.0,2.5,1.9380038212205346,0,-0.2,0.0
1751114010.4605906,-1.9999008178710938,80.0,2.5,2.0504030569764278,0,-0.2,0.0
1751114010.5110295,-1.9999008178710938,79.00001525878906,2.5,2.140322445581142,0,-0.2,0.0
1751114010.561599,-1.9999008178710938,79.00001525878906,0.1300000101327896,1.7382579584914715,0,-0.2,0.0
1751114010.6120872,-1.9999008178710938,79.00001525878906,0.1300000101327896,1.416606368819735,0,-0.2,0.0
1751114010.662671,-1.9999008178710938,79.00001525878906,2.5,1.633285095055788,0,-0.2,0.0
1751114010.7131636,-1.9999008178710938,79.00001525878906,0.1300000101327896,1.3326280780711883,0,-0.2,0.0
1751114010.763637,-1.9999008178710938,79.00001525878906,2.5,1.5661024624569506,0,-0.2,0.0
1751114010.8142889,-1.9999008178710938,79.00001525878906,2.5,1.7528819699655607,0,-0.2,0.0
1751114010.864838,-1.9999008178710938,79.00001525878906,2.5,1.9023055759724485,0,-0.2,0.0
1751114010.9152355,-1.9999008178710938,79.00001525878906,2.5,2.0218444607779587,0,-0.2,0.0
1751114010.966013,-1.9999008178710938,79.00001525878906,2.5,2.1174755686223667,0,-0.2,0.0
1751114011.0165687,-1.9999008178710938,79.00001525878906,2.5,2.1939804548978934,0,-0.2,0.0
1751114011.0672395,-1.9999008178710938,80.0,2.5,2.255184363918315,0,-0.2,0.0
1751114011.1176906,-1.9999008178710938,80.0,2.5,2.304147491134652,0,-0.2,0.0
1751114011.1682248,-1.9999008178710938,81.0,0.0,1.8433179929077217,0,-0.2,0.0
1751114011.2188768,-7.9999542236328125,-7.9999542236328125,0.0,1.4746543943261774,0.25,0,0.0
1751114011.2692263,-7.000007629394531,-7.000007629394531,0.0,1.179723515460942,0.0,0,0.0
1751114011.319685,-6.000053405761719,-6.000053405761719,0.0,0.9437788123687536,0.0,0,0.0
1751114011.3700616,-6.000053405761719,-6.000053405761719,0.0,0.7550230498950029,0.0,0,0.0
1751114011.4204955,-2.9999618530273438,-2.9999618530273438,0.15900000929832458,0.6358184417756673,0.0,0,0.0
1751114011.470923,-2.9999618530273438,-2.9999618530273438,0.0,0.5086547534205338,0.0,0,0.0
1751114011.5213675,-4.999969482421875,-4.999969482421875,0.14500001072883606,0.43592380488219423,0.0,0,0.0
1751114011.5720377,-4.999969482421875,-4.999969482421875,0.13600000739097595,0.37593904538395057,0.0,0,0.0
1751114011.622461,-4.999969482421875,-4.999969482421875,0.13600000739097595,0.3279512377853557,0.0,0,0.0
1751114011.6727293,-4.999969482421875,-4.999969482421875,0.13199999928474426,0.2887609900852334,0.0,0,0.0
1751114011.72332,-2.9999618530273438,-2.9999618530273438,0.12400000542402267,0.25580879315299127,0.0,0,0.0
1751114011.7738786,-2.9999618530273438,-2.9999618530273438,0.0,0.20464703452239302,0.0,0,0.0
1751114011.82458,-2.9999618530273438,-2.9999618530273438,0.0,0.16371762761791442,0.0,0,0.0
1751114011.8751702,-4.999969482421875,-4.999969482421875,0.11300000548362732,0.15357410319105702,0.0,0,0.0
1751114011.9257987,-4.999969482421875,-4.999969482421875,0.0,0.12285928255284562,0.0,0,0.0
1751114011.976313,-4.999969482421875,-4.999969482421875,0.10300000756978989,0.11888742755623448,0.0,0,0.0
1751114012.0269587,-4.999969482421875,-4.999969482421875,0.10300000756978989,0.11570994355894557,0.0,0,0.0
1751114012.0772974,-4.999969482421875,-4.999969482421875,0.0,0.09256795484715646,0.0,0,0.0
1751114012.1277044,-4.999969482421875,-4.999969482421875,0.0,0.07405436387772517,0.0,0,0.0
1751114012.1780944,-4.999969482421875,-4.999969482421875,0.0,0.059243491102180135,0.0,0,0.0
1751114012.2290158,-4.999969482421875,-4.999969482421875,0.0,0.04739479288174411,0.0,0,0.0
1751114012.2796795,-6.000053405761719,-6.000053405761719,0.0,0.037915834305395295,0.0,0,0.0
1751114012.3301494,-6.000053405761719,-6.000053405761719,0.0,0.030332667444316237,0.0,0,0.0
1751114012.3803906,-6.000053405761719,-6.000053405761719,0.0,0.02426613395545299,0.0,0,0.0
1751114012.430993,-6.000053405761719,-6.000053405761719,0.0,0.019412907164362392,0.0,0,0.0
1751114012.481521,-6.000053405761719,-6.000053405761719,0.0,0.015530325731489915,0.0,0,0.0
1751114012.531924,-6.000053405761719,-6.000053405761719,0.0,0.012424260585191933,0.0,0,0.0
1751114012.5824149,-7.000007629394531,-7.000007629394531,0.0,0.009939408468153547,0.0,0,0.0
1751114012.6330993,-7.000007629394531,-7.000007629394531,0.0,0.007951526774522839,0.0,0,0.0
1751114012.6836095,-7.000007629394531,-7.000007629394531,0.0,0.006361221419618271,0.0,0,0.0
1751114012.7342327,-7.000007629394531,-7.000007629394531,0.0,0.005088977135694617,0.0,0,0.0
1751114012.7846997,-7.000007629394531,-7.000007629394531,0.0,0.003256945366844555,0.0,0,0.0
1751114012.835402,-7.000007629394531,-7.000007629394531,0.0,0.003256945366844555,0.0,0,0.0
1751114012.885895,-7.000007629394531,-7.000007629394531,0.0,0.0020844450347805156,0.0,0,0.0
1751114012.9367836,-7.000007629394531,-7.000007629394531,0.0,0.0020844450347805156,0.0,0,0.0
1751114012.9872606,-7.9999542236328125,-7.9999542236328125,0.0,0.0013340448222595302,0.0,0,0.0
1751114013.0382338,-7.9999542236328125,-7.9999542236328125,0.0,0.0013340448222595302,0.0,0,0.0
1751114013.0884805,-7.9999542236328125,-7.9999542236328125,0.0,0.0008537886862460993,0.0,0,0.0
1751114013.1389034,-7.9999542236328125,-7.9999542236328125,0.0,0.0008537886862460993,0.0,0,0.0
1751114013.1896203,-7.9999542236328125,-7.9999542236328125,0.0,0.0005464247591975036,0.0,0,0.0
1751114013.2400692,-7.9999542236328125,-7.9999542236328125,0.0,0.0005464247591975036,0.0,0,0.0
